{
	"languages": {
		"count": 2,
		"language": [
			{
				"files_to_analyze": [
					{
						"checksum": null,
						"file": "java\/com\/example\/User.java"
					},
					{
						"checksum": null,
						"file": "java\/com\/example\/userCheck.java"
					},
					{
						"checksum": null,
						"file": "java\/com\/example\/userCheck1.java"
					},
					{
						"checksum": null,
						"file": "main\/webapp\/index.jsp"
					},
					{
						"checksum": null,
						"file": "main\/webapp\/index1.jsp"
					},
					{
						"checksum": null,
						"file": "webapp\/WEB-INF\/web.xml"
					}
				],
				"name": "Java"
			},
			{
				"files_to_analyze": [
					{
						"checksum": null,
						"file": "main\/webapp\/index.jsp"
					},
					{
						"checksum": null,
						"file": "main\/webapp\/index1.jsp"
					}
				],
				"name": "JavaScript"
			}
		]
	}
}